<?xml version="1.0" encoding="Windows-1252" ?>
<!-- Tandem Advanced Command Langauge (TACL) Auto-Completion
     Written by Adam Woolfrom (woolfrom20@hotmail.com)
     Written on 10/03/2013
     Version 1.0 -->
	 
	 <!--  AMW  10/03/13  AutoComplete only supports A-Z, a-z, 0-9 and '_'.  Therefore, the commands starting with # and ? are not working. -->
	 
<NotepadPlus>
   <AutoComplete language="TACL">
	   <Environment ignoreCase="yes" startFunc="/" stopFunc="/" paramSeparator="," terminal=";" additionalWordChar = "" />
       <KeyWord name="?BLANK" />
       <KeyWord name="?FORMAT" />
       <KeyWord name="?SECTION" />
       <KeyWord name="?TACL" />
       <KeyWord name="#ABEND" />
	   <KeyWord name="#ABORTTRANSACTION" />
	   <KeyWord name="#ACTIVATEPROCESS" />
	   <KeyWord name="#ADDDSTTRANSITION" />
	   <KeyWord name="#ALTERPRIORITY" />
	   <KeyWord name="#APPEND" />
	   <KeyWord name="#APPENDV" />
	   <KeyWord name="#ARGUMENT" />
	   <KeyWord name="#ASSIGN" />
	   <KeyWord name="#BACKUPCPU" />
	   <KeyWord name="#BEGINTRANSACTION" />
	   <KeyWord name="#BREAKMODE" />
	   <KeyWord name="#BREAKPOINT" />
	   <KeyWord name="#BUILTINS" />
	   <KeyWord name="#CASE" />
	   <KeyWord name="#CHANGEUSER" />
	   <KeyWord name="#CHARACTERRULES" />
	   <KeyWord name="#CHARADDR" />
	   <KeyWord name="#CHARBREAK" />
	   <KeyWord name="#CHARCOUNT" />
	   <KeyWord name="#CHARDEL" />
	   <KeyWord name="#CHARFIND" />
	   <KeyWord name="#CHARFINDR" />
	   <KeyWord name="#CHARFINDRV" />
	   <KeyWord name="#CHARFINDV" />
	   <KeyWord name="#CHARGET" />
	   <KeyWord name="#CHARGETV" />
	   <KeyWord name="#CHARINS" />
	   <KeyWord name="#CHARINSV" />
	   <KeyWord name="#COLDLOADTACL" />
	   <KeyWord name="#COMPAREV" />
	   <KeyWord name="#COMPUTE" />
	   <KeyWord name="#COMPUTEJULIANDAYNO" />
	   <KeyWord name="#COMPUTETIMESTAMP" />
	   <KeyWord name="#COMPUTETRANSID" />
	   <KeyWord name="#CONTIME" />
	   <KeyWord name="#CONVERTPHANDLE" />
	   <KeyWord name="#CONVERTPROCESSTIME" />
	   <KeyWord name="#CONVERTTIMESTAMP" />
	   <KeyWord name="#CREATEFILE" />
	   <KeyWord name="#CREATEPROCESSNAME" />
	   <KeyWord name="#CREATEREMOTENAME" />
	   <KeyWord name="#DEBUGPROCESS" />
	   <KeyWord name="#DEF" />
	   <KeyWord name="#DEFAULTS" />
	   <KeyWord name="#DEFINEADD" />
	   <KeyWord name="#DEFINEDELETE" />
	   <KeyWord name="#DEFINEDELETEALL" />
	   <KeyWord name="#DEFINEINFO" />
	   <KeyWord name="#DEFINEMODE" />
	   <KeyWord name="#DEFINENAMES" />
	   <KeyWord name="#DEFINENEXTNAME" />
	   <KeyWord name="#DEFINEREADATTR" />
	   <KeyWord name="#DEFINERESTORE" />
	   <KeyWord name="#DEFINERESTOREWORK" />
	   <KeyWord name="#DEFINESAVE" />
	   <KeyWord name="#DEFINESAVEWORK" />
	   <KeyWord name="#DEFINESETATTR" />
	   <KeyWord name="#DEFINESETLIKE" />
	   <KeyWord name="#DEFINEVALIDATEWORK" />
	   <KeyWord name="#DELAY" />
	   <KeyWord name="#DELTA" />
	   <KeyWord name="#DEVICEINFO" />
	   <KeyWord name="#EMPTY" />
	   <KeyWord name="#EMPTYV" />
	   <KeyWord name="#EMSADDSUBJECT" />
	   <KeyWord name="#EMSADDSUBJECTV" />
	   <KeyWord name="#EMSGET" />
	   <KeyWord name="#EMSGETV" />
	   <KeyWord name="#EMSINIT" />
	   <KeyWord name="#EMSINITV" />
	   <KeyWord name="#EMSTEXT" />
	   <KeyWord name="#EMSTEXTV" />
	   <KeyWord name="#ENDTRANSACTION" />
	   <KeyWord name="#EOF" />
	   <KeyWord name="#ERRORNUMBERS" />
	   <KeyWord name="#ERRORTEXT" />
	   <KeyWord name="#EXCEPTION" />
	   <KeyWord name="#EXIT" />
	   <KeyWord name="#EXTRACT" />
	   <KeyWord name="#EXTRACTV" />
	   <KeyWord name="#FILEGETLOCKINFO" />
	   <KeyWord name="#FILEINFO" />
	   <KeyWord name="#FILENAMES" />
	   <KeyWord name="#FILTER" />
	   <KeyWord name="#FRAME" />
	   <KeyWord name="#GETCONFIGURATION" />
	   <KeyWord name="#GETPROCESSSTATE" />
	   <KeyWord name="#GETSCAN" />
	   <KeyWord name="#HELPKEY" />
	   <KeyWord name="#HIGHPIN" />
	   <KeyWord name="#HISTORY" />
	   <KeyWord name="#HOME" />
	   <KeyWord name="#IF" />
	   <KeyWord name="#IN" />
	   <KeyWord name="#INFORMAT" />
	   <KeyWord name="#INITTERM" />
	   <KeyWord name="#INLINEECHO" />
	   <KeyWord name="#INLINEEOF" />
	   <KeyWord name="#INLINEOUT" />
	   <KeyWord name="#INLINEPREFIX" />
	   <KeyWord name="#INLINEPROCESS" />
	   <KeyWord name="#INLINETO" />
	   <KeyWord name="#INPUT" />
	   <KeyWord name="#INPUTEOF" />
	   <KeyWord name="#INPUTV" />
	   <KeyWord name="#INSPECT" />
	   <KeyWord name="#INTERACTIVE" />
	   <KeyWord name="#INTERPRETJULIANDAYNO" />
	   <KeyWord name="#INTERPRETTIMESTAMP" />
	   <KeyWord name="#INTERPRETTRANSID" />
	   <KeyWord name="#JULIANTIMESTAMP" />
	   <KeyWord name="#KEEP" />
	   <KeyWord name="#KEYS" />
	   <KeyWord name="#LINEADDR" />
	   <KeyWord name="#LINEBREAK" />
	   <KeyWord name="#LINECOUNT" />
	   <KeyWord name="#LINEDEL" />
	   <KeyWord name="#LINEFIND" />
	   <KeyWord name="#LINEFINDR" />
	   <KeyWord name="#LINEFINDRV" />
	   <KeyWord name="#LINEFINDV" />
	   <KeyWord name="#LINEGET" />
	   <KeyWord name="#LINEGETV" />
	   <KeyWord name="#LINEINS" />
	   <KeyWord name="#LINEINSV" />
	   <KeyWord name="#LINEJOIN" />
	   <KeyWord name="#LOAD" />
	   <KeyWord name="#LOCKINFO" />
	   <KeyWord name="#LOGOFF" />
	   <KeyWord name="#LOOKUPPROCESS" />
	   <KeyWord name="#LOOP" />
	   <KeyWord name="#MATCH" />
	   <KeyWord name="#MOM" />
	   <KeyWord name="#MORE" />
	   <KeyWord name="#MYGMOM" />
	   <KeyWord name="#MYPID" />
	   <KeyWord name="#MYSYSTEM" />
	   <KeyWord name="#MYTERM" />
	   <KeyWord name="#NEWPROCESS" />
	   <KeyWord name="#NEXTFILENAME" />
	   <KeyWord name="#OPENINFO" />
	   <KeyWord name="#OUT" />
	   <KeyWord name="#OUTFORMAT" />
	   <KeyWord name="#OUTPUT" />
	   <KeyWord name="#OUTPUTV" />
	   <KeyWord name="#PARAM" />
	   <KeyWord name="#PAUSE" />
	   <KeyWord name="#PMSEARCHLIST" />
	   <KeyWord name="#PMSG" />
	   <KeyWord name="#POP" />
	   <KeyWord name="#PREFIX" />
	   <KeyWord name="#PROCESS" />
	   <KeyWord name="#PROCESSEXISTS" />
	   <KeyWord name="#PROCESSFILESECURITY" />
	   <KeyWord name="#PROCESSINFO" />
	   <KeyWord name="#PROCESSLAUNCH" />
	   <KeyWord name="#PROCESSORSTATUS" />
	   <KeyWord name="#PROCESSORTYPE" />
	   <KeyWord name="#PROMPT" />
	   <KeyWord name="#PURGE" />
	   <KeyWord name="#PUSH" />
	   <KeyWord name="#RAISE" />
	   <KeyWord name="#RENAME" />
	   <KeyWord name="#REPLY" />
	   <KeyWord name="#REPLYPREFIX" />
	   <KeyWord name="#REPLYV" />
	   <KeyWord name="#REQUESTER" />
	   <KeyWord name="#RESET" />
	   <KeyWord name="#REST" />
	   <KeyWord name="#RESULT" />
	   <KeyWord name="#RETURN" />
	   <KeyWord name="#ROUTEPMSG" />
	   <KeyWord name="#ROUTINENAME" />
	   <KeyWord name="#SEGMENT" />
	   <KeyWord name="#SEGMENTCONVERT" />
	   <KeyWord name="#SEGMENTINFO" />
	   <KeyWord name="#SEGMENTVERSION" />
	   <KeyWord name="#SERVER" />
	   <KeyWord name="#SET" />
	   <KeyWord name="#SETBYTES" />
	   <KeyWord name="#SETCONFIGURATION" />
	   <KeyWord name="#SETMANY" />
	   <KeyWord name="#SETPROCESSSTATE" />
	   <KeyWord name="#SETSCAN" />
	   <KeyWord name="#SETSYSTEMCLOCK" />
	   <KeyWord name="#SETV" />
	   <KeyWord name="#SHIFTDEFAULT" />
	   <KeyWord name="#SHIFTSTRING" />
	   <KeyWord name="#SORT" />
	   <KeyWord name="#SPIFORMATCLOSE" />
	   <KeyWord name="#SSGET" />
	   <KeyWord name="#SSGETV" />
	   <KeyWord name="#SSINIT" />
	   <KeyWord name="#SSMOVE" />
	   <KeyWord name="#SSNULL" />
	   <KeyWord name="#SSPUT" />
	   <KeyWord name="#SSPUTV" />
	   <KeyWord name="#STOP" />
	   <KeyWord name="#SUSPENDPROCESS" />
	   <KeyWord name="#SWITCH" />
	   <KeyWord name="#SYSTEM" />
	   <KeyWord name="#SYSTEMNAME" />
	   <KeyWord name="#SYSTEMNUMBER" />
	   <KeyWord name="#TACLOPERATION" />
	   <KeyWord name="#TACLSECURITY" />
	   <KeyWord name="#TACLVERSION" />
	   <KeyWord name="#TIMESTAMP" />
	   <KeyWord name="#TOSVERSION" />
	   <KeyWord name="#TRACE" />
	   <KeyWord name="#UNFRAME" />
	   <KeyWord name="#USELIST" />
	   <KeyWord name="#USERID" />
	   <KeyWord name="#USERNAME" />
	   <KeyWord name="#VARIABLEINFO" />
	   <KeyWord name="#VARIABLES" />
	   <KeyWord name="#VARIABLESV" />
	   <KeyWord name="#WAIT" />
	   <KeyWord name="#WAKEUP" />
	   <KeyWord name="#WIDTH" />
	   <KeyWord name="#XFILEINFO" />
	   <KeyWord name="#XFILENAMES" />
	   <KeyWord name="#XFILES" />
	   <KeyWord name="#XLOADEDFILES" />
	   <KeyWord name="#XLOGON" />
	   <KeyWord name="#XPPD" />
	   <KeyWord name="#XSTATUS" />
	   <KeyWord name="ACTIVATE" />
	   <KeyWord name="ADD DEFINE" />
	   <KeyWord name="ADDDSTTRANSITION" />
	   <KeyWord name="ALTER DEFINE" />
	   <KeyWord name="ALTPRI" />
	   <KeyWord name="ASSIGN" />
	   <KeyWord name="ATTACHSEG" />
	   <KeyWord name="BACKUPCPU" />
	   <KeyWord name="BREAK" />
	   <KeyWord name="BUILTINS" />
	   <KeyWord name="CLEAR" />
	   <KeyWord name="COLUMNIZE" />
	   <KeyWord name="COMMENT" />
	   <KeyWord name="COMPUTE" />
	   <KeyWord name="COPYVAR" />
	   <KeyWord name="CREATE" />
	   <KeyWord name="CREATESEG" />
	   <KeyWord name="DEBUG" />
	   <KeyWord name="DEBUGGER" />
	   <KeyWord name="DELETEDEFINE" />
	   <KeyWord name="DETACHSEG" />
	   <KeyWord name="ENV" />
	   <KeyWord name="EXIT" />
	   <KeyWord name="FC" />
	   <KeyWord name="FILEINFO" />
	   <KeyWord name="FILENAMES" />
	   <KeyWord name="FILES" />
	   <KeyWord name="FILETOVAR" />
	   <KeyWord name="HELP" />
	   <KeyWord name="HISTORY" />
	   <KeyWord name="HOME" />
	   <KeyWord name="INFODEFINE" />
	   <KeyWord name="INITTERM" />
	   <KeyWord name="INLECHO" />
	   <KeyWord name="INLEOF" />
	   <KeyWord name="INLOUT" />
	   <KeyWord name="INLPREFIX" />
	   <KeyWord name="INLTO" />
	   <KeyWord name="JOIN" />
	   <KeyWord name="KEEP" />
	   <KeyWord name="KEYS" />
	   <KeyWord name="LOAD" />
	   <KeyWord name="LOADEDFILES" />
	   <KeyWord name="LOGOFF" />
	   <KeyWord name="LOGON" />
	   <KeyWord name="OBEY" />
	   <KeyWord name="OUTVAR" />
	   <KeyWord name="PARAM" />
	   <KeyWord name="PAUSE" />
	   <KeyWord name="PMSEARCH" />
	   <KeyWord name="PMSG" />
	   <KeyWord name="POP" />
	   <KeyWord name="PPD" />
	   <KeyWord name="PURGE" />
	   <KeyWord name="PUSH" />
	   <KeyWord name="RECEIVEDUMP" />
	   <KeyWord name="REMOTEPASSWORD" />
	   <KeyWord name="RENAME" />
	   <KeyWord name="RESETDEFINE" />
	   <KeyWord name="RUND" />
	   <KeyWord name="RUNV" />
	   <KeyWord name="SEGINFO" />
	   <KeyWord name="SETDEFINE" />
	   <KeyWord name="SETDEFMODE" />
	   <KeyWord name="SETHIGHPIN" />
	   <KeyWord name="SETINSPECT" />
	   <KeyWord name="SETPROMPT" />
	   <KeyWord name="SETSWAP" />
	   <KeyWord name="SETTIME" />
	   <KeyWord name="SETVARIABLE" />
	   <KeyWord name="SHOW" />
	   <KeyWord name="SHOWDEFINE" />
	   <KeyWord name="SINK" />
	   <KeyWord name="STATUS" />
	   <KeyWord name="STOP" />
	   <KeyWord name="SUSPEND" />
	   <KeyWord name="SWITCH" />
	   <KeyWord name="SYSTEM" />
	   <KeyWord name="SYSTIMES" />
	   <KeyWord name="TIME" />
	   <KeyWord name="USE" />
	   <KeyWord name="VARIABLES" />
	   <KeyWord name="VARINFO" />
	   <KeyWord name="VARTOFILE" />
	   <KeyWord name="VCHANGE" />
	   <KeyWord name="VCOPY" />
	   <KeyWord name="VDELETE" />
	   <KeyWord name="VFIND" />
	   <KeyWord name="VINSERT" />
	   <KeyWord name="VLIST" />
	   <KeyWord name="VMOVE" />
	   <KeyWord name="VOLUME" />
	   <KeyWord name="VTREE" />
	   <KeyWord name="WAKEUP" />
	   <KeyWord name="WHO" />
	   <KeyWord name="XBUSDOWN" />
	   <KeyWord name="YBUSDOWN" />
	   <KeyWord name="XBUSUP" />
	   <KeyWord name="YBUSUP" />
	   <KeyWord name="_COMPAREV" />
	   <KeyWord name="_CONTIME_TO_TEXT" />
	   <KeyWord name="_CONTIME_TO_TEXT_DATE" />
	   <KeyWord name="_CONTIME_TO_TEXT_TIME" />
	   <KeyWord name="_LONGEST" />
	   <KeyWord name="_MONTH3" />
   </AutoComplete>
</NotepadPlus>