<?xml version="1.0" encoding="Windows-1252" ?>
<NotepadPlus>
	<AutoComplete>
		<KeyWord name="A" />
		<KeyWord name="AB" />
		<KeyWord name="ABS" />
		<KeyWord name="ACOS" />
		<KeyWord name="AD" />
		<KeyWord name="AND" />
		<KeyWord name="ANY" />
		<KeyWord name="ARRAY" />
		<KeyWord name="ARRAY  [ <IndexInitVal> .. <IndexEndVal>  { ,  <IndexInitVal> .. <IndexEndVal> } ]  OF  <type> ; " />
		<KeyWord name="ASIN" />
		<KeyWord name="AT" />
		<KeyWord name="ATAN" />
		<KeyWord name="AUTHOR" />
		<KeyWord name="AW" />
		<KeyWord name="AX" />
		<KeyWord name="BCD_TO_DINT" />
		<KeyWord name="BCD_TO_INT" />
		<KeyWord name="BCD_TO_INT" />
		<KeyWord name="BEGIN" />
		<KeyWord name="BLOCK_DB" />
		<KeyWord name="BLOCK_DB_TO_WORD" />
		<KeyWord name="BLOCK_FB" />
		<KeyWord name="BLOCK_FC" />
		<KeyWord name="BLOCK_SDB" />
		<KeyWord name="BOOL" />
		<KeyWord name="BOOL_TO_DINT" />
		<KeyWord name="BOOL_TO_INT" />
		<KeyWord name="BY" />
		<KeyWord name="BYTE" />
		<KeyWord name="BYTE_TO_BOOL" />
		<KeyWord name="BYTE_TO_CHAR" />
		<KeyWord name="BYTE_TO_DINT" />
		<KeyWord name="BYTE_TO_INT" />
		<KeyWord name="BYTE_TO_INT" />
		<KeyWord name="C" />
		<KeyWord name="CASE" />
		<KeyWord name="CASE  <nameVar>  OF  { <value> : <statementSection> }  [ ELSE  <statementSection> ]   END_CASE ; " />
		<KeyWord name="CHAR" />
		<KeyWord name="CHAR_TO_BYTE" />
		<KeyWord name="CHAR_TO_INT" />
		<KeyWord name="CONCAT" />
		<KeyWord name="CONST" />
		<KeyWord name="CONTINUE" />
		<KeyWord name="COS" />
		<KeyWord name="COUNTER" />
		<KeyWord name="D" />
		<KeyWord name="DATA_BLOCK" />
		<KeyWord name="DATA_BLOCK   <DB_Name>   <declarationSection>   BEGIN  { <nameVar> := <value> ; }  END_DATA_BLOCK" />
		<KeyWord name="DATE" />
		<KeyWord name="DATE_AND_TIME" />
		<KeyWord name="DATE_TO_DINT" />
		<KeyWord name="DB" />
		<KeyWord name="DD" />
		<KeyWord name="DELETE" />
		<KeyWord name="DINT" />
		<KeyWord name="DINT_TO_BCD" />
		<KeyWord name="DINT_TO_BCD_DWORD" />
		<KeyWord name="DINT_TO_BOOL" />
		<KeyWord name="DINT_TO_BYTE" />
		<KeyWord name="DINT_TO_DATE" />
		<KeyWord name="DINT_TO_DWORD" />
		<KeyWord name="DINT_TO_INT" />
		<KeyWord name="DINT_TO_STRING" />
		<KeyWord name="DINT_TO_STRING" />
		<KeyWord name="DINT_TO_TIME" />
		<KeyWord name="DINT_TO_TOD" />
		<KeyWord name="DINT_TO_WORD" />
		<KeyWord name="DIV" />
		<KeyWord name="DO" />
		<KeyWord name="DT" />
		<KeyWord name="DW" />
		<KeyWord name="DWORD" />
		<KeyWord name="DWORD_BCD_TO_DINT" />
		<KeyWord name="DWORD_TO_BOOL" />
		<KeyWord name="DWORD_TO_BYTE" />
		<KeyWord name="DWORD_TO_DINT" />
		<KeyWord name="DWORD_TO_INT" />
		<KeyWord name="DWORD_TO_REAL" />
		<KeyWord name="DWORD_TO_WORD" />
		<KeyWord name="DX" />
		<KeyWord name="E" />
		<KeyWord name="EB" />
		<KeyWord name="ED" />
		<KeyWord name="ELSE" />
		<KeyWord name="ELSIF" />
		<KeyWord name="EN" />
		<KeyWord name="END_CASE" />
		<KeyWord name="END_CONST" />
		<KeyWord name="END_DATA_BLOCK" />
		<KeyWord name="END_FOR" />
		<KeyWord name="END_FUNCTION" />
		<KeyWord name="END_FUNCTION_BLOCK" />
		<KeyWord name="END_IF" />
		<KeyWord name="END_LABEL" />
		<KeyWord name="END_ORGANIZATION_BLOCK" />
		<KeyWord name="END_PROGRAM" />
		<KeyWord name="END_REPEAT" />
		<KeyWord name="END_STRUCT" />
		<KeyWord name="END_TYPE" />
		<KeyWord name="END_VAR" />
		<KeyWord name="END_WHILE" />
		<KeyWord name="ENO" />
		<KeyWord name="EQ_STRNG" />
		<KeyWord name="EW" />
		<KeyWord name="EX" />
		<KeyWord name="EXIT" />
		<KeyWord name="EXP" />
		<KeyWord name="EXPD" />
		<KeyWord name="FALSE" />
		<KeyWord name="FAMILY" />
		<KeyWord name="FB" />
		<KeyWord name="FC" />
		<KeyWord name="FIND" />
		<KeyWord name="FOR" />
		<KeyWord name="FOR <variable> := <initialValue> TO <finalValue> BY <increment> DO  <statementSection>  END_FOR ; " />
		<KeyWord name="FUNCTION" />
		<KeyWord name="FUNCTION   <FC_Name>   <declarationSection>   BEGIN   <statementSection>   END_FUNCTION" />
		<KeyWord name="FUNCTION_BLOCK" />
		<KeyWord name="FUNCTION_BLOCK  <FB_Name>   <declarationSection>   BEGIN   <statementSection>   END_FUNCTION_BLOCK" />
		<KeyWord name="GE_STRNG" />
		<KeyWord name="GOTO" />
		<KeyWord name="GT_STRNG" />
		<KeyWord name="I" />
		<KeyWord name="IB" />
		<KeyWord name="ID" />
		<KeyWord name="IF" />
		<KeyWord name="IF  <condition>  THEN  <statementSection>  END_IF;" />
		<KeyWord name="IF  <condition>  THEN  <statementSection>  ELSE  <statmentSection>  END_IF;" />
		<KeyWord name="INSERT" />
		<KeyWord name="INT" />
		<KeyWord name="INT_TO_BCD" />
		<KeyWord name="INT_TO_BCD" />
		<KeyWord name="INT_TO_BCD_WORD" />
		<KeyWord name="INT_TO_BOOL" />
		<KeyWord name="INT_TO_BYTE" />
		<KeyWord name="INT_TO_BYTE" />
		<KeyWord name="INT_TO_CHAR" />
		<KeyWord name="INT_TO_DWORD" />
		<KeyWord name="INT_TO_STRING" />
		<KeyWord name="INT_TO_STRING" />
		<KeyWord name="INT_TO_WORD" />
		<KeyWord name="IW" />
		<KeyWord name="IX" />
		<KeyWord name="KNOW_HOW_PROTECT" />
		<KeyWord name="LABEL" />
		<KeyWord name="LE_STRNG" />
		<KeyWord name="LEFT" />
		<KeyWord name="LEN" />
		<KeyWord name="LIMIT" />
		<KeyWord name="LN" />
		<KeyWord name="LOG" />
		<KeyWord name="LT_STRNG" />
		<KeyWord name="M" />
		<KeyWord name="MAX" />
		<KeyWord name="MB" />
		<KeyWord name="MD" />
		<KeyWord name="MID" />
		<KeyWord name="MIN" />
		<KeyWord name="MOD" />
		<KeyWord name="MUX" />
		<KeyWord name="MW" />
		<KeyWord name="MX" />
		<KeyWord name="NAME" />
		<KeyWord name="NE_STRNG" />
		<KeyWord name="NIL" />
		<KeyWord name="NOT" />
		<KeyWord name="OB" />
		<KeyWord name="OF" />
		<KeyWord name="OK" />
		<KeyWord name="OR" />
		<KeyWord name="ORGANIZATION_BLOCK" />
		<KeyWord name="ORGANIZATION_BLOCK   <OB_Name>   <declarationSection>   BEGIN   <statementSection>   END_ORGANIZATION_BLOCK" />
		<KeyWord name="PAB" />
		<KeyWord name="PAD" />
		<KeyWord name="PAW" />
		<KeyWord name="PEB" />
		<KeyWord name="PED" />
		<KeyWord name="PEW" />
		<KeyWord name="PIB" />
		<KeyWord name="PID" />
		<KeyWord name="PIW" />
		<KeyWord name="POINTER" />
		<KeyWord name="PQB" />
		<KeyWord name="PQD" />
		<KeyWord name="PQW" />
		<KeyWord name="PROGRAM" />
		<KeyWord name="Q" />
		<KeyWord name="QB" />
		<KeyWord name="QD" />
		<KeyWord name="QW" />
		<KeyWord name="QX" />
		<KeyWord name="REAL" />
		<KeyWord name="REAL_TO_DINT" />
		<KeyWord name="REAL_TO_DWORD" />
		<KeyWord name="REAL_TO_INT" />
		<KeyWord name="REAL_TO_STRING" />
		<KeyWord name="REAL_TO_STRING" />
		<KeyWord name="REPEAT" />
		<KeyWord name="REPLACE" />
		<KeyWord name="RET_VAL" />
		<KeyWord name="RETURN" />
		<KeyWord name="RIGHT" />
		<KeyWord name="ROL" />
		<KeyWord name="ROR" />
		<KeyWord name="ROUND" />
		<KeyWord name="S5TIME" />
		<KeyWord name="S5TIME_TO_TIME" />
		<KeyWord name="SDB" />
		<KeyWord name="SEL" />
		<KeyWord name="SFB" />
		<KeyWord name="SFC" />
		<KeyWord name="SHL" />
		<KeyWord name="SHR" />
		<KeyWord name="SIN" />
		<KeyWord name="SQR" />
		<KeyWord name="SQRT" />
		<KeyWord name="STRING" />
		<KeyWord name="STRING_TO_CHAR" />
		<KeyWord name="STRING_TO_DINT" />
		<KeyWord name="STRING_TO_DINT" />
		<KeyWord name="STRING_TO_INT" />
		<KeyWord name="STRING_TO_INT" />
		<KeyWord name="STRING_TO_REAL" />
		<KeyWord name="STRING_TO_REAL" />
		<KeyWord name="STRUCT" />
		<KeyWord name="STRUCT   { <name> : <type> [:= <initValue>] }   END_STRUCT ; " />
		<KeyWord name="T" />
		<KeyWord name="TAN" />
		<KeyWord name="THEN" />
		<KeyWord name="TIME" />
		<KeyWord name="TIME_OF_DAY" />
		<KeyWord name="TIME_TO_DINT" />
		<KeyWord name="TIME_TO_S5TIME" />
		<KeyWord name="TIMER" />
		<KeyWord name="TITLE" />
		<KeyWord name="TO" />
		<KeyWord name="TOD" />
		<KeyWord name="TOD_TO_DINT" />
		<KeyWord name="TRUE" />
		<KeyWord name="TRUNC" />
		<KeyWord name="TYPE" />
		<KeyWord name="TYPE   <typeName>   STRUCT   { <name> : <type> [:= <initValue>] ; }   END_STRUCT;   END_TYPE" />
		<KeyWord name="UDT" />
		<KeyWord name="UNTIL" />
		<KeyWord name="VAR" />
		<KeyWord name="VAR  { <name> : <type> [:= <initValue>] ; }  END_VAR" />
		<KeyWord name="VAR_IN_OUT" />
		<KeyWord name="VAR_IN_OUT  { <name> : <type> [:= <initValue>] ; }  END_VAR" />
		<KeyWord name="VAR_INPUT" />
		<KeyWord name="VAR_INPUT  { <name> : <type> [:= <initValue>] ; }  END_VAR" />
		<KeyWord name="VAR_OUTPUT" />
		<KeyWord name="VAR_OUTPUT  { <name> : <type> [:= <initValue>] ; }  END_VAR" />
		<KeyWord name="VAR_TEMP" />
		<KeyWord name="VAR_TEMP  { <name> : <type> [:= <initValue>] ; }  END_VAR" />
		<KeyWord name="VERSION" />
		<KeyWord name="VOID" />
		<KeyWord name="WHILE" />
		<KeyWord name="WHILE  <condition>  DO  <statementSection>  END_WHILE ; " />
		<KeyWord name="WORD" />
		<KeyWord name="WORD_BCD_TO_INT" />
		<KeyWord name="WORD_TO_BLOCK_DB" />
		<KeyWord name="WORD_TO_BOOL" />
		<KeyWord name="WORD_TO_BYTE" />
		<KeyWord name="WORD_TO_DINT" />
		<KeyWord name="WORD_TO_INT" />
		<KeyWord name="XOR" />
		<KeyWord name="Z" />
	</AutoComplete>
</NotepadPlus>