<NotepadPlus>
    <UserLang name="GEDCOM" ext="ged">
        <Settings>
            <Global caseIgnored="yes" />
            <TreatAsSymbol comment="no" commentLine="no" />
            <Prefix words1="no" words2="no" words3="no" words4="no" />
        </Settings>
        <KeywordLists>
            <Keywords name="Delimiters">@00@00</Keywords>
            <Keywords name="Folder+"></Keywords>
            <Keywords name="Folder-"></Keywords>
            <Keywords name="Operators">&apos; - &quot; # ( ) , . / : ; ? [ \ ] _ ` { } &lt; = &gt;</Keywords>
            <Keywords name="Comment">1 2 0</Keywords>
            <Keywords name="Words1">ABBR ABT ADDR ADOP ADR1 ADR2 AFN AFT AGE AGNC ALIA ANCE ANCI AND ANUL ASSO AUTH BAPL BAPM BARM BASM BEF BET BIC BIRT BLES BOTH BURI CAL CALN CANCELED CAST CAUS CENS CHAN CHAR CHIL CHILD CHR CHRA CITY CLEARED COMPLETED CONC CONF CONL CONT COPR CORP CREM CTRY DATA DATE DEAT DESC DESI DEST DIV DIVF DNS DNS/CAN DSCR EMAIL EDUC EMIG ENDL ENGA EST EVEN F FACT FAM FAMC FAMF FAMS FATH FAX FCOM FILE FONE FORM FROM GEDC GIVN GRAD GRAG HEAD HUSB IDNO IMMI INDI INFANT INT LANG LATI LEGA LONG M MAP MARB MARC MARL MARR MARS MEDI MOTH MSTA N NAME NATI NATU NCHI NICK NMR NOTE NPFX NSFX OBJE OCCU ORDI ORDN PAGE PEDI PHON PLAC POST PRE-1970 PROB PROP PUBL QUALIFIED QUAY REFN RELA RELI REPO RESI RESN RETI RFN RIN ROLE ROMN SEX SLGC SLGS SOUR SPFX SPOU SSN STAE STAT STILLBORN SUBM SUBMITTED SUBN SURN TEMP TEXT TIME TITL TO TRLR TYPE U UNCLEARED VERS WIFE WILL WWW Y</Keywords>
            <Keywords name="Words2">ARVL BLOB BROT BUYR CEME CNTC CPLR DEFM DPRT EDTR FIDE GODP HDOH HEIR HFAT HMOT IMAGE INDX INFT INTV ISA ISSU ITEM LABL LCCN LGTE MBR NAMR NAMS NO OFFI ORIG OWNR PERI PORT PUBR PWIF RECO SCHEMA SELR SEQU SERS SHEMA SIBL SIGN SITE TXPY WFAT WITN WMOT XLTR YES</Keywords>
            <Keywords name="Words3">LINEAGE LINKED UTF ANSEL UNICODE ASCII JAN FEB MAR APR MAY JUN JUL AUG SEP OCT NOV DEC VEND BRUM FRIM NIVO PLUV VENT GERM FLOR PRAI MESS THER FRUC COMP TSH CSH KSL TVT SHV ADR ADS NSN IYR SVN TMZ AAV ELL aka birth immigrant maiden married bmp gif jpg ole pcx tiff wav audio book card document electronic fiche film jpeg magazine manuscript newspaper photo tombstone video adopted birth foster sealing hangul kana confidential locked privacy county state province country Africaans Albanian Anglo Saxson Catalan Spn Czech Danish Dutch English Esperanto Estonian Faroese Finnish French German Hawaiian Hungarian Icelandic Indonesian Italian Latvian Lithuanian Navaho Norwegian Polish Portuguese Romanian Serbo Croa Slovak Slovene Spanish Swedish Turkish Wendic Amharic Arabic Armenian Assamese Belorusian Bengali Braj Bulgarian Burmese Cantonese Church Slavic Dogri Georgian Greek Gujarati Hebrew Hindi Japanese Kannada Khmer Konkani Korean Lahnda Lao Macedonian Maithili Malayalam Mandarin Manipuri Marathi Mewari Napali Oriya Pahari Pali Panjabi Persian Prakrit Pusto Rajasthani Russian Sanskrit Serb Tagalog Tamil Telugu Thai Tibetan Ukrainian Urdu Vietnamese Yiddish</Keywords>
            <Keywords name="Words4"></Keywords>
        </KeywordLists>
        <Styles>
            <WordsStyle name="DEFAULT" styleID="11" fgColor="000000" bgColor="FFFFFF" fontName="" fontStyle="0" />
            <WordsStyle name="FOLDEROPEN" styleID="12" fgColor="000000" bgColor="FFFFFF" fontName="" fontStyle="0" />
            <WordsStyle name="FOLDERCLOSE" styleID="13" fgColor="000000" bgColor="FFFFFF" fontName="" fontStyle="0" />
            <WordsStyle name="KEYWORD1" styleID="5" fgColor="0000FF" bgColor="FFFFFF" fontName="" fontStyle="1" />
            <WordsStyle name="KEYWORD2" styleID="6" fgColor="0080C0" bgColor="FFFFFF" fontName="" fontStyle="1" />
            <WordsStyle name="KEYWORD3" styleID="7" fgColor="0000FF" bgColor="FFFFFF" fontName="" fontStyle="0" />
            <WordsStyle name="KEYWORD4" styleID="8" fgColor="000000" bgColor="FFFFFF" fontName="" fontStyle="0" />
            <WordsStyle name="COMMENT" styleID="1" fgColor="008000" bgColor="FFFFFF" fontName="" fontStyle="0" />
            <WordsStyle name="COMMENT LINE" styleID="2" fgColor="000000" bgColor="FFFFFF" fontName="" fontStyle="0" />
            <WordsStyle name="NUMBER" styleID="4" fgColor="FF8040" bgColor="FFFFFF" fontName="" fontStyle="1" />
            <WordsStyle name="OPERATOR" styleID="10" fgColor="FF0000" bgColor="FFFFFF" fontName="" fontStyle="0" />
            <WordsStyle name="DELIMINER1" styleID="14" fgColor="800000" bgColor="FFFFFF" fontName="" fontStyle="1" />
            <WordsStyle name="DELIMINER2" styleID="15" fgColor="000000" bgColor="FFFFFF" fontName="" fontStyle="0" />
            <WordsStyle name="DELIMINER3" styleID="16" fgColor="000000" bgColor="FFFFFF" fontName="" fontStyle="0" />
        </Styles>
    </UserLang>
</NotepadPlus>
