<NotepadPlus>
    <UserLang name="QBasic/QB64" ext="bas bi bm" udlVersion="2.1">
        <Settings>
            <Global caseIgnored="no" allowFoldOfComments="no" foldCompact="no" forcePureLC="0" decimalSeparator="0" />
            <Prefix Keywords1="no" Keywords2="no" Keywords3="no" Keywords4="no" Keywords5="no" Keywords6="no" Keywords7="no" Keywords8="no" />
        </Settings>
        <KeywordLists>
            <Keywords name="Comments">00&apos; 00REM 01 02 03 04</Keywords>
            <Keywords name="Numbers, prefix1">&amp;B &amp;O</Keywords>
            <Keywords name="Numbers, prefix2">&amp;H</Keywords>
            <Keywords name="Numbers, extras1">A B C D E F a b c d e f</Keywords>
            <Keywords name="Numbers, extras2"></Keywords>
            <Keywords name="Numbers, suffix1"></Keywords>
            <Keywords name="Numbers, suffix2">%&amp; ` %% % &amp;&amp; &amp; ! ## # ~%&amp; ~` ~%% ~% ~&amp;&amp; ~&amp; ~! ~## ~#</Keywords>
            <Keywords name="Numbers, range"></Keywords>
            <Keywords name="Operators1">- ( ) * , . / : ; \ ^ + &lt; = &gt;</Keywords>
            <Keywords name="Operators2"></Keywords>
            <Keywords name="Folders in code1, open"></Keywords>
            <Keywords name="Folders in code1, middle"></Keywords>
            <Keywords name="Folders in code1, close"></Keywords>
            <Keywords name="Folders in code2, open"></Keywords>
            <Keywords name="Folders in code2, middle"></Keywords>
            <Keywords name="Folders in code2, close"></Keywords>
            <Keywords name="Folders in comment, open">~~~</Keywords>
            <Keywords name="Folders in comment, middle"></Keywords>
            <Keywords name="Folders in comment, close">~~~~~</Keywords>
            <Keywords name="Keywords1">$CHECKING $CONSOLE $ELSE $ELSEIF $END $EXEICON $IF $LET $RESIZE $SCREENHIDE $SCREENSHOW $VERSIONINFO $VIRTUALKEYBOARD ABSOLUTE ABS ACCESS ALIAS AND ANY APPEND AS ASC ATN BASE BEEP BINARY BLOAD BSAVE BYVAL CALL CALLS CASE CDBL CDECL CHAIN CHDIR CHR$ CINT CIRCLE CLEAR CLNG CLOSE CLS COLOR COM COMMAND$ COMMON CONST COS CSNG CSRLIN CUSTOMTYPE CVD CVDMBF CVI CVL CVS CVSMBF DATA DATE$ DECLARE DEFDBL DEFINT DEFLNG DEF DEFSNG DEFSTR DIM DO DOUBLE DRAW DYNAMIC ELSE ELSEIF END ENVIRON$ ENVIRON EOF EQV ERASE ERDEV$ ERDEV ERL ERR ERROR EVERYCASE EXIT EXP FIELD FILEATTR FILES FIX FN FOR FRE FREEFILE FREE FUNCTION GET GOSUB GOTO HEX$ IF IMP INKEY$ INPUT$ INP INPUT INSTR INTEGER INTERRUPTX INTERRUPT INT IOCTL IOCTL$ IS KEY KILL LBOUND LCASE$ LEFT$ LEN LET LIBRARY LINE LIST LOC LOCATE LOCK LOF LOG LONG LOOP LPOS LPRINT LSET LTRIM$ MID$ MKD$ MKDIR MKDMBF$ MKI$ MKL$ MKS$ MKSMBF$ MOD NAME NEXT NOT OCT$ OFF ON ONLY OPEN OPTION OR OUT OUTPUT PAINT PALETTE PCOPY PEEK PEN PLAY PMAP POINT POKE POS PRESET PRINT PSET PUT RANDOM RANDOMIZE READ REDIM RESET RESTORE RESUME RETURN RIGHT$ RMDIR RND RSET RTRIM$ RUN SADD SCREEN SEEK SEG SELECT SETMEM SGN SHARED SHELL SIGNAL SIN SINGLE SLEEP SMOOTH SOUND SPACE$ SPC SQR STATIC STEP STICK STOP STR$ STRETCH STRIG STRING STRING$ SUB SWAP SYSTEM TAB TAN THEN TIME$ TIMER TO TROFF TRON TYPE UBOUND UCASE$ UEVENT UNLOCK UNTIL USING VAL VARPTR$ VARPTR VARSEG VIEW WAIT WEND WHILE WIDTH WINDOW WRITE XOR _ACOSH _ACOS _ALPHA32 _ALPHA _ANTICLOCKWISE _ARCCOT _ARCCSC _ARCSEC _ASIN _ASINH _ATAN2 _ATANH _AUTODISPLAY _AXIS _BACKGROUNDCOLOR _BEHIND _BIT _BLEND _BLINK _BLUE32 _BLUE _BUTTON _BUTTONCHANGE _BYTE _CEIL _CLEAR _CLEARCOLOR _CLIPBOARD$ _CLIPBOARDIMAGE _CLIP _CLOCKWISE _COMMANDCOUNT _CONNECTED _CONNECTIONADDRESS$ _CONSOLE _CONSOLETITLE _CONTINUE _CONTROLCHR _COPYIMAGE _COPYPALETTE _COSH _COTH _COT _CSC _CSCH _CV _CWD$ _D2G _D2R _DEFAULTCOLOR _DEFINE _DELAY _DEPTHBUFFER _DESKTOPHEIGHT _DESKTOPWIDTH _DEST _DEVICE$ _DEVICEINPUT _DEVICES _DIR$ _DIREXISTS _DISPLAY _DISPLAYORDER _DONTBLEND _DONTWAIT _ERRORLINE _EXIT _EXPLICIT _FILEEXISTS _FILLBACKGROUND _FLOAT _FONT _FONTHEIGHT _FONTWIDTH _FREEFONT _FREEIMAGE _FREETIMER _FULLSCREEN _G2D _G2R _GLRENDER _GREEN32 _GREEN _HARDWARE1 _HARDWARE _HEIGHT _HIDE _HYPOT _ICON _INCLERRORFILE$ _INCLERRORLINE _INTEGER64 _KEEPBACKGROUND _KEYCLEAR _KEYDOWN _KEYHIT _LASTAXIS _LASTBUTTON _LASTWHEEL _LIMIT _LOADFONT _LOADIMAGE _MAPTRIANGLE _MAPUNICODE _MEMCOPY _MEMELEMENT _MEMEXISTS _MEMFILL _MEMFREE _MEMGET _MEMIMAGE _MEMNEW _MEM _MEMPUT _MIDDLE _MK$ _MOUSEBUTTON _MOUSEHIDE _MOUSEINPUT _MOUSEMOVE _MOUSEMOVEMENTX _MOUSEMOVEMENTY _MOUSEPIPEOPEN _MOUSESHOW _MOUSEWHEEL _MOUSEX _MOUSEY _NEWIMAGE _NONE _OFF _OFFSET _ONLYBACKGROUND _ONLY _ONTOP _OPENCLIENT _OPENCONNECTION _OPENHOST _OS$ _PALETTECOLOR _PI _PIXELSIZE _PRESERVE _PRINTIMAGE _PRINTMODE _PRINTSTRING _PRINTWIDTH _PUTIMAGE _R2D _R2G _RED _RED32 _RESIZEHEIGHT _RESIZEWIDTH _RESIZE _RGB32 _RGBA32 _RGB _RGBA _ROUND _SCREENCLICK _SCREENEXISTS _SCREENHIDE _SCREENICON _SCREENIMAGE _SCREENMOVE _SCREENPRINT _SCREENSHOW _SCREENX _SCREENY _SEAMLESS _SEC _SECH _SETALPHA _SHELLHIDE _SINH _SMOOTH _SMOOTHSHRUNK _SMOOTHSTRETCHED _SNDBAL _SNDCLOSE _SNDCOPY _SNDGETPOS _SNDLEN _SNDLIMIT _SNDLOOP _SNDOPEN _SNDOPENRAW _SNDPAUSE _SNDPAUSED _SNDPLAYCOPY _SNDPLAYFILE _SNDPLAY _SNDPLAYING _SNDRATE _SNDRAWDONE _SNDRAW _SNDRAWLEN _SNDSETPOS _SNDSTOP _SNDVOL _SOFTWARE _SOURCE _SQUAREPIXELS _STARTDIR$ _STRCMP _STRETCH _STRICMP _TANH _TITLE _TITLE$ _UNSIGNED _WHEEL _WIDTH _WINDOWHANDLE _WINDOWHASFOCUS</Keywords>
            <Keywords name="Keywords2">_glAccum _glAlphaFunc _glAreTexturesResident _glArrayElement _glBegin _glBindTexture _glBitmap _glBlendFunc _glCallLists _glCallList _glClearAccum _glClearColor _glClearDepth _glClearIndex _glClear _glClearStencil _glClipPlane _glColor3bv _glColor3b _glColor3dv _glColor3d _glColor3f _glColor3fv _glColor3iv _glColor3i _glColor3sv _glColor3s _glColor3ub _glColor3ubv _glColor3uiv _glColor3ui _glColor3usv _glColor3us _glColor4b _glColor4bv _glColor4d _glColor4dv _glColor4fv _glColor4f _glColor4i _glColor4iv _glColor4sv _glColor4s _glColor4ub _glColor4ubv _glColor4uiv _glColor4ui _glColor4usv _glColor4us _glColorMask _glColorMaterial _glColorPointer _glCopyPixels _glCopyTexImage1D _glCopyTexImage2D _glCopyTexSubImage1D _glCopyTexSubImage2D _glCullFace _glDeleteLists _glDeleteTextures _glDepthFunc _glDepthMask _glDepthRange _glDisableClientState _glDisable _glDrawArrays _glDrawBuffer _glDrawElements _glDrawPixels _glEdgeFlagPointer _glEdgeFlag _glEdgeFlagv _glEnableClientState _glEnable _glEndList _glEnd _glEvalCoord1d _glEvalCoord1dv _glEvalCoord1f _glEvalCoord1fv _glEvalCoord2dv _glEvalCoord2d _glEvalCoord2f _glEvalCoord2fv _glEvalMesh1 _glEvalMesh2 _glEvalPoint1 _glEvalPoint2 _glFeedbackBuffer _glFinish _glFlush _glFogfv _glFogf _glFogiv _glFogi _glFrontFace _glFrustum _glGenLists _glGenTextures _glGetBooleanv _glGetClipPlane _glGetDoublev _glGetError _glGetFloatv _glGetIntegerv _glGetLightfv _glGetLightiv _glGetMapdv _glGetMapfv _glGetMapiv _glGetMaterialfv _glGetMaterialiv _glGetPixelMapfv _glGetPixelMapuiv _glGetPixelMapusv _glGetPointerv _glGetPolygonStipple _glGetString _glGetTexEnvfv _glGetTexEnviv _glGetTexGendv _glGetTexGenfv _glGetTexGeniv _glGetTexImage _glGetTexLevelParameterfv _glGetTexLevelParameteriv _glGetTexParameterfv _glGetTexParameteriv _glHint _glIndexd _glIndexdv _glIndexf _glIndexfv _glIndexi _glIndexiv _glIndexMask _glIndexPointer _glIndexsv _glIndexs _glIndexubv _glIndexub _glInitNames _glInterleavedArrays _glIsEnabled _glIsList _glIsTexture _glLightf _glLightfv _glLighti _glLightiv _glLightModelfv _glLightModelf _glLightModeli _glLightModeliv _glLineStipple _glLineWidth _glListBase _glLoadIdentity _glLoadMatrixd _glLoadMatrixf _glLoadName _glLogicOp _glMap1d _glMap1f _glMap2d _glMap2f _glMapGrid1d _glMapGrid1f _glMapGrid2d _glMapGrid2f _glMaterialf _glMaterialfv _glMaterialiv _glMateriali _glMatrixMode _glMultMatrixd _glMultMatrixf _glNewList _glNormal3b _glNormal3bv _glNormal3dv _glNormal3d _glNormal3f _glNormal3fv _glNormal3i _glNormal3iv _glNormal3s _glNormal3sv _glNormalPointer _glOrtho _glPassThrough _glPixelMapfv _glPixelMapuiv _glPixelMapusv _glPixelStoref _glPixelStorei _glPixelTransferf _glPixelTransferi _glPixelZoom _glPointSize _glPolygonMode _glPolygonOffset _glPolygonStipple _glPopAttrib _glPopClientAttrib _glPopMatrix _glPopName _glPrioritizeTextures _glPushAttrib _glPushClientAttrib _glPushMatrix _glPushName _glRasterPos2d _glRasterPos2dv _glRasterPos2fv _glRasterPos2f _glRasterPos2iv _glRasterPos2i _glRasterPos2s _glRasterPos2sv _glRasterPos3d _glRasterPos3dv _glRasterPos3f _glRasterPos3fv _glRasterPos3iv _glRasterPos3i _glRasterPos3sv _glRasterPos3s _glRasterPos4d _glRasterPos4dv _glRasterPos4fv _glRasterPos4f _glRasterPos4i _glRasterPos4iv _glRasterPos4sv _glRasterPos4s _glReadBuffer _glReadPixels _glRectd _glRectdv _glRectfv _glRectf _glRectiv _glRecti _glRects _glRectsv _glRenderMode _glRotated _glRotatef _glScaled _glScalef _glScissor _glSelectBuffer _glShadeModel _glStencilFunc _glStencilMask _glStencilOp _glTexCoord1dv _glTexCoord1d _glTexCoord1f _glTexCoord1fv _glTexCoord1iv _glTexCoord1i _glTexCoord1sv _glTexCoord1s _glTexCoord2d _glTexCoord2dv _glTexCoord2f _glTexCoord2fv _glTexCoord2iv _glTexCoord2i _glTexCoord2s _glTexCoord2sv _glTexCoord3d _glTexCoord3dv _glTexCoord3f _glTexCoord3fv _glTexCoord3iv _glTexCoord3i _glTexCoord3sv _glTexCoord3s _glTexCoord4d _glTexCoord4dv _glTexCoord4fv _glTexCoord4f _glTexCoord4i _glTexCoord4iv _glTexCoord4sv _glTexCoord4s _glTexCoordPointer _glTexEnvf _glTexEnvfv _glTexEnvi _glTexEnviv _glTexGend _glTexGendv _glTexGenfv _glTexGenf _glTexGeni _glTexGeniv _glTexImage1D _glTexImage2D _glTexParameterfv _glTexParameterf _glTexParameteri _glTexParameteriv _glTexSubImage1D _glTexSubImage2D _glTranslated _glTranslatef _gluPerspective _glVertex2d _glVertex2dv _glVertex2f _glVertex2fv _glVertex2iv _glVertex2i _glVertex2s _glVertex2sv _glVertex3dv _glVertex3d _glVertex3f _glVertex3fv _glVertex3i _glVertex3iv _glVertex3sv _glVertex3s _glVertex4dv _glVertex4d _glVertex4fv _glVertex4f _glVertex4i _glVertex4iv _glVertex4s _glVertex4sv _glVertexPointer _glViewport</Keywords>
            <Keywords name="Keywords3">AddConstant&amp; AddFmtToken AddHead AddTag AddTail AlignGPMSize&amp; ALIGNLONG ALIGNLONGLONG ALIGNWORD AllocGPMem&amp; AllocGPMVec&amp; ApplyFilter&amp; AvailGPMem&amp; BoolTagTrue% CartToPolA% CartToPolR% CompareGPMem&amp; CopyGPMem CreateGPMString&amp; CurrentTimeToBuffer&amp; DebugClose DebugInit DebugIsActive% DebugOpen% DebugPuts DecEVAR DecFile% DecryptFile% DefBOOL DefBYTE DefCHAR DefDOUBLE DefGPMPTR DefGPMSTR DefLABEL DefLONGLONG DefLONG DefSINGLE DefSTRING DefSTRUCTURE DefSTRUCT DefUBYTE DefULONG DefULONGLONG DefUWORD DefWORD DisposeGPMString DoubleArg DumpGPMem EncFile% EncPass$ EncryptFile% EncryptPassword$ Enqueue ExtractBitfields&amp; ExtractChannels&amp; ExtractTag$ FillGPMem FillPolygon FilterConstCh$ FindName&amp; FormatToBuffer&amp; FreeArgs FreeCString FreeGPMem FreeGPMVec GetArgs$ GetHead&amp; GetHexDigest$ GetMD5$ GetPred&amp; GetSucc&amp; GetTag$ GetTagData$ GetTagName$ GetTags$ GetTail&amp; GivenTimeToBuffer&amp; HSBtoRGB IncEVAR InitArgs InitGPMem Insert IntArg IsCryptedFile% IsListEmpty&amp; LenCString&amp; LimitARGB&amp; LogArgs LogClose LogFmt LogInit LogOpen% LogStr LongArg MakeAntiqueTint&amp; MakeCString&amp; MakeGrayscale&amp; MakeNegative&amp; ModifyBrightness&amp; ModifyContrast&amp; ModifyGamma&amp; NewList NewTag$ OffsetPolygon PeekB%% PeekD# PeekL&amp; PeekLL&amp;&amp; PeekS! PeekSTR$ PeekW% PointInPolygon% PokeB PokeD PokeLL PokeL PokeS PokeSTR PokeW PolToCartX% PolToCartY% PolygonInPolygon% QB$ ReadCString$ RemHead&amp; Remove RemTags RemTag RemTail&amp; RGBtoHSB SetENUM SetTag ShiftARGB&amp; StrArg StrFCurrentTime$ StrFGivenTime$ SubConstant&amp; ToggleBoolTag% UpdateTag% UpdateTags% ValidateTags% VFPrintF VPrintF VSPrintF$ __BRI32! __HSB32~&amp; __HSBA32~&amp; __HUE32! __SAT32!</Keywords>
            <Keywords name="Keywords4">gpMemory&amp;&amp; lh_Head&amp; lh_Pad&amp; lh_Tail&amp; lh_TailPred&amp; lh_Type&amp; ListHeader&amp; ListHeader_SizeOf&amp; ListNode&amp; ListNode_SizeOf&amp; ln_Name&amp; ln_Pred&amp; ln_Pri&amp; ln_Succ&amp; ln_Type&amp; mc_Free&amp; mc_Next&amp; MemChunk&amp; MemChunk_SizeOf&amp; MemHeader&amp; MemHeader_SizeOf&amp; MemVector&amp; MemVector_SizeOf&amp; mh_AddSize&amp; mh_First&amp; mh_Free&amp; mh_Lower&amp; mh_MaxSize&amp; mh_Upper&amp; MinListHeader&amp; MinListHeader_SizeOf&amp; MinListNode&amp; MinListNode_SizeOf&amp; mlh_Head&amp; mlh_Tail&amp; mlh_TailPred&amp; mln_Pred&amp; mln_Succ&amp; mv_MatchTag&amp; mv_MemSize&amp;</Keywords>
            <Keywords name="Keywords5">callHelp Download% findNextActive GetName$ Person&amp; Person_SizeOf&amp; prgInfo$ p_firstName&amp; p_phoneNumber&amp; Range RangeRand% rCol RequestChoiceWZT$ rHigh rLow rName SaveImage ShowErr$ StatusLine StrIf$ tDiam tLen tName tNum Tool tRad</Keywords>
            <Keywords name="Keywords6">AddEntry AddTitle BlackScreen CapsLockOff% CapsLockOn% CardInit CardPrintAt CardShow CenterHei% CenterWid% ChangePage ChangeView CheckMutex% ClearDateStamp CloseScreen CloseWindow CurrDIR$ DoMenu% FillRectColor FillRectImage FillRectRaster FindColor&amp; Format$ Format2$ Format3$ GetInput$ GetRefresh GetUniqueID$ Guide Indicator InitLocalStack InitMenu InternalErrHandler LockMutex%&amp; LStrip$ MessageBox$ NumLockOff% NumLockOn% OpenWindow ParseLine&amp; PlantMutex%&amp; PopStr$ PrintAt PrintAtUse PushStr PutRefresh QB64ErrorOff QB64ErrorOn RasterCLS ReadDateStamp$ RectFill RemapImageFS&amp; RemEntry RemoveMutex RemTitle RequestChoice2D$ RequestChoiceHori$ RequestChoiceVert$ RequestFile$ RestoreStack RInstr&amp; RStrip$ SafeOpenFile% ScrollLockOff% ScrollLockOn% SearchFile$ SeekChunk&amp; SetDateStamp SetPrintMode SetSysDateStamp SetupScreen SizeUpdate TempLog UnlockMutex UserErrHandler WaitAnyKey</Keywords>
            <Keywords name="Keywords7">BeginChildInit BeginGUIRefresh ButtonC$ CheckboxC$ ChildInit% ColorwheelC$ CycleC$ DumpObjectArray EndChildInit EndGUIRefresh FrameC$ FrameTag$ FwdPriTag$ FwdSecTag$ GenC$ GetGUIMsg$ HsbBriTag$ HsbHueTag$ HsbSatTag$ ImageC$ ImageTag$ InitAssignedImgSym InitAssignedPager% InitHoverLayer InitSetAssignedList% KillAssignedImgSym KillAssignedList KillAssignedPager KillInterconnections ListC$ ListTag$ MakeShortcut$ ModelC$ NewObject% ObjectRefresh$ ObjectReset ObjectsUnselect PagerC$ PagerTag$ ProgressC$ RadioC$ RatioDivTag$ RatioMulTag$ RgbBluTag$ RgbGreTag$ RgbRedTag$ RulerC$ ScrollerC$ SetAssignedImgSym% SliderC$ StringC$ SymbolC$ SymbolTag$ TextC$ ThisObject% ValidObject%</Keywords>
            <Keywords name="Keywords8">agColu agLine agLink agNode agText agTLen agType appStackArr$ Chunk ChunkFORM chunkID chunkLEN ChunkNODE ChunkSFPE ChunkTHDR ChunkTLOG ChunkVARS DateStamp dsDAYS dsMINS dsTICKS formSTDC formTYPE fsNearCol% guiObjects$ nodeINDEX nodeNAME nodeNEXT nodePAGECNT nodePAGEFILE nodePREV nodeSTDC nodeTITLE nodeTOC sfpeCOUNT sfpeNAME sfpePATH sfpeSTDC sysStackArr$ thdrACCESSORS thdrDATESTAMP thdrNAME thdrSTDC thdrUNUSED tlogACCESSOR tlogCOMMENT tlogDATESTAMP tlogNAME tlogSTDC varsEID varsFID varsIDF varsSTDC</Keywords>
            <Keywords name="Delimiters">00&quot; 01 02&quot; 03 04 05 06 07 08 09 10 11 12 13 14 15 16 17 18 19 20 21 22 23</Keywords>
        </KeywordLists>
        <Styles>
            <WordsStyle name="DEFAULT" fgColor="808080" bgColor="FFFFFF" fontName="" fontStyle="0" nesting="0" />
            <WordsStyle name="COMMENTS" fgColor="008B45" bgColor="FFFFFF" fontName="" fontStyle="0" nesting="0" />
            <WordsStyle name="LINE COMMENTS" fgColor="008B45" bgColor="FFFFFF" fontName="" fontStyle="0" nesting="0" />
            <WordsStyle name="NUMBERS" fgColor="CD0000" bgColor="FFFFFF" fontName="" fontStyle="0" nesting="0" />
            <WordsStyle name="KEYWORDS1" fgColor="3232E0" bgColor="FFFFFF" fontName="" fontStyle="0" nesting="0" />
            <WordsStyle name="KEYWORDS2" fgColor="007DF0" bgColor="FFFFFF" fontName="" fontStyle="0" nesting="0" />
            <WordsStyle name="KEYWORDS3" fgColor="20B2AA" bgColor="FFFFFF" fontName="" fontStyle="0" nesting="0" />
            <WordsStyle name="KEYWORDS4" fgColor="66CD00" bgColor="FFFFFF" fontName="" fontStyle="0" nesting="0" />
            <WordsStyle name="KEYWORDS5" fgColor="B23AEE" bgColor="FFFFFF" fontName="" fontStyle="0" nesting="0" />
            <WordsStyle name="KEYWORDS6" fgColor="8B4513" bgColor="FFFFFF" fontName="" fontStyle="0" nesting="0" />
            <WordsStyle name="KEYWORDS7" fgColor="CD3278" bgColor="FFFFFF" fontName="" fontStyle="0" nesting="0" />
            <WordsStyle name="KEYWORDS8" fgColor="EE4000" bgColor="FFFFFF" fontName="" fontStyle="0" nesting="0" />
            <WordsStyle name="OPERATORS" fgColor="808080" bgColor="FFFFFF" fontName="" fontStyle="0" nesting="0" />
            <WordsStyle name="FOLDER IN CODE1" fgColor="3232E0" bgColor="FFFFFF" fontName="" fontStyle="0" nesting="0" />
            <WordsStyle name="FOLDER IN CODE2" fgColor="3232E0" bgColor="FFFFFF" fontName="" fontStyle="0" nesting="0" />
            <WordsStyle name="FOLDER IN COMMENT" fgColor="008B45" bgColor="FFFFFF" fontName="" fontStyle="0" nesting="0" />
            <WordsStyle name="DELIMITERS1" fgColor="CDAD00" bgColor="FFFFFF" fontName="" fontStyle="0" nesting="0" />
            <WordsStyle name="DELIMITERS2" fgColor="808080" bgColor="FFFFFF" fontName="" fontStyle="0" nesting="0" />
            <WordsStyle name="DELIMITERS3" fgColor="808080" bgColor="FFFFFF" fontName="" fontStyle="0" nesting="0" />
            <WordsStyle name="DELIMITERS4" fgColor="808080" bgColor="FFFFFF" fontName="" fontStyle="0" nesting="0" />
            <WordsStyle name="DELIMITERS5" fgColor="808080" bgColor="FFFFFF" fontName="" fontStyle="0" nesting="0" />
            <WordsStyle name="DELIMITERS6" fgColor="808080" bgColor="FFFFFF" fontName="" fontStyle="0" nesting="0" />
            <WordsStyle name="DELIMITERS7" fgColor="808080" bgColor="FFFFFF" fontName="" fontStyle="0" nesting="0" />
            <WordsStyle name="DELIMITERS8" fgColor="808080" bgColor="FFFFFF" fontName="" fontStyle="0" nesting="0" />
        </Styles>
    </UserLang>
</NotepadPlus>
