<NotepadPlus>
    <InternalCommands />
    <Macros>
        <Macro name="Trim Trailing Space and Save" Ctrl="no" Alt="yes" Shift="yes" Key="83">
            <Action type="2" message="0" wParam="42024" lParam="0" sParam="" />
            <Action type="2" message="0" wParam="41006" lParam="0" sParam="" />
        </Macro>
    </Macros>
    <UserDefinedCommands>
        <Command name="Launch in Firefox" Ctrl="yes" Alt="yes" Shift="yes" Key="88">firefox &quot;$(FULL_CURRENT_PATH)&quot;</Command>
        <Command name="Launch in IE" Ctrl="yes" Alt="yes" Shift="yes" Key="73">iexplore &quot;$(FULL_CURRENT_PATH)&quot;</Command>
        <Command name="Launch in Chrome" Ctrl="yes" Alt="yes" Shift="yes" Key="82">chrome &quot;$(FULL_CURRENT_PATH)&quot;</Command>
        <Command name="Launch in Safari" Ctrl="yes" Alt="yes" Shift="yes" Key="65">safari &quot;$(FULL_CURRENT_PATH)&quot;</Command>
        <Command name="Get php help" Ctrl="no" Alt="yes" Shift="no" Key="112">http://www.php.net/$(CURRENT_WORD)</Command>
        <Command name="Wikipedia Search" Ctrl="no" Alt="yes" Shift="no" Key="114">https://en.wikipedia.org/wiki/Special:Search?search=$(CURRENT_WORD)</Command>
        <Command name="Open file in another instance" Ctrl="no" Alt="yes" Shift="no" Key="117">$(NPP_FULL_FILE_PATH) $(CURRENT_WORD) -nosession -multiInst</Command>
        <Command name="Send via Outlook" Ctrl="yes" Alt="yes" Shift="yes" Key="79">outlook /a &quot;$(FULL_CURRENT_PATH)&quot;</Command>
        <Command name="QB64 - Keyword Wiki" Ctrl="yes" Alt="no" Shift="no" Key="117">http://www.qb64.net/wiki/index.php/Special:Search?search=$(CURRENT_WORD)</Command>
        <Command name="QB64 - Open in IDE" Ctrl="yes" Alt="no" Shift="no" Key="118">&quot;$(NPP_DIRECTORY)\QB64Starter.bat&quot; &quot;OI&quot; &quot;$(CURRENT_DIRECTORY)&quot; &quot;$(FILE_NAME)&quot; &quot;$(NAME_PART)&quot;</Command>
        <Command name="QB64 - Compile" Ctrl="yes" Alt="no" Shift="no" Key="119">&quot;$(NPP_DIRECTORY)\QB64Starter.bat&quot; &quot;CO&quot; &quot;$(CURRENT_DIRECTORY)&quot; &quot;$(FILE_NAME)&quot; &quot;$(NAME_PART)&quot;</Command>
        <Command name="QB64 - Compile + Run" Ctrl="yes" Alt="no" Shift="no" Key="120">&quot;$(NPP_DIRECTORY)\QB64Starter.bat&quot; &quot;CR&quot; &quot;$(CURRENT_DIRECTORY)&quot; &quot;$(FILE_NAME)&quot; &quot;$(NAME_PART)&quot;</Command>
        <Command name="QB64 - Run again" Ctrl="yes" Alt="no" Shift="no" Key="121">&quot;$(NPP_DIRECTORY)\QB64Starter.bat&quot; &quot;RA&quot; &quot;$(CURRENT_DIRECTORY)&quot; &quot;$(FILE_NAME)&quot; &quot;$(NAME_PART)&quot;</Command>
    </UserDefinedCommands>
    <PluginCommands />
    <ScintillaKeys />
</NotepadPlus>
