<?xml version="1.0" encoding="Windows-1252" ?>
<NotepadPlus>
	<AutoComplete>
		<KeyWord name="#VRML V2.0 utf8" />
		<KeyWord name="addChildren" />
		<KeyWord name="ambientIntensity" />
		<KeyWord name="Anchor" />
		<KeyWord name="Appearance" />
		<KeyWord name="appearance" />
		<KeyWord name="attenuation" />
		<KeyWord name="AudioClip" />	
		<KeyWord name="autoOffset" />
		<KeyWord name="avatarSize" />
		<KeyWord name="axisOfRotation" />
		<KeyWord name="Background" />
		<KeyWord name="backUrl" />
		<KeyWord name="bboxCenter" />
		<KeyWord name="bboxSize" />
		<KeyWord name="beamWidth" />
		<KeyWord name="beginCap" />
		<KeyWord name="Billboard" />
		<KeyWord name="bind_changed" />
		<KeyWord name="bindTime" />
		<KeyWord name="bottom" />
		<KeyWord name="bottomRadius" />
		<KeyWord name="bottomUrl" />
		<KeyWord name="Box" />
		<KeyWord name="ccw" />
		<KeyWord name="center" />
		<KeyWord name="children" />
		<KeyWord name="choice" />
		<KeyWord name="collide" />
		<KeyWord name="collideTime" />
		<KeyWord name="Collision" />
		<KeyWord name="Color" />
		<KeyWord name="color" />
		<KeyWord name="colorIndex" />
		<KeyWord name="ColorInterpolator" />
		<KeyWord name="colorPerVertex" />
		<KeyWord name="Cone" />
		<KeyWord name="convex" />
		<KeyWord name="coord" />
		<KeyWord name="coordIndex" />
		<KeyWord name="Coordinate" />
		<KeyWord name="creaseAngle" />
		<KeyWord name="crossSection" />
		<KeyWord name="cutOffAngle" />
		<KeyWord name="cycleInterval" />
		<KeyWord name="Cylinder" />
		<KeyWord name="CylinderSensor" />
		<KeyWord name="DEF" />
		<KeyWord name="description" />
		<KeyWord name="diffuseColor" />
		<KeyWord name="DirectionalLight" />	
		<KeyWord name="direction" />
		<KeyWord name="directOutput" />
		<KeyWord name="diskAngle" />
		<KeyWord name="duration" />
		<KeyWord name="duration_changed" />
		<KeyWord name="ElevationGrid" />
		<KeyWord name="emissiveColor" />
		<KeyWord name="enabled" />
		<KeyWord name="endCap" />
		<KeyWord name="enterTime" />
		<KeyWord name="eventIn" />
		<KeyWord name="eventOut" />
		<KeyWord name="exitTime" />
		<KeyWord name="exposedField" />
		<KeyWord name="EXTERNPROTO" />
		<KeyWord name="Extrusion" />
		<KeyWord name="FALSE" />
		<KeyWord name="family" />
		<KeyWord name="field" />
		<KeyWord name="fieldOfView" />
		<KeyWord name="Fog" />
		<KeyWord name="fogType" />
		<KeyWord name="FontStyle" />
		<KeyWord name="fontStyle" />
		<KeyWord name="frontUrl" />
		<KeyWord name="function" />
		<KeyWord name="geometry" />
		<KeyWord name="groundAngle" />
		<KeyWord name="groundColor" />
		<KeyWord name="Group" />
		<KeyWord name="height" />
		<KeyWord name="headlight" />
		<KeyWord name="hitPoint_changed" />
		<KeyWord name="hitNormal_changed" />
		<KeyWord name="hitTexCoord_changed" />
		<KeyWord name="horizontal" />
		<KeyWord name="Inline" />
		<KeyWord name="image" />
		<KeyWord name="ImageTexture" />
		<KeyWord name="index" />
		<KeyWord name="IndexedFaceSet" />
		<KeyWord name="IndexedLineSet" />
		<KeyWord name="info" />
		<KeyWord name="intensity" />
		<KeyWord name="isActive" />
		<KeyWord name="isBound" />
		<KeyWord name="isOver" />
		<KeyWord name="jump" />
		<KeyWord name="justify" />
		<KeyWord name="key" />
		<KeyWord name="keyValue" />
		<KeyWord name="language" />
		<KeyWord name="leftToRight" />
		<KeyWord name="leftUrl" />
		<KeyWord name="length" />
		<KeyWord name="level" />
		<KeyWord name="LOD" />
		<KeyWord name="location" />
		<KeyWord name="loop" />
		<KeyWord name="Material" />
		<KeyWord name="MovieTexture" />
		<KeyWord name="material" />
		<KeyWord name="maxAngle" />
		<KeyWord name="maxBack" />
		<KeyWord name="maxExtent" />
		<KeyWord name="maxFront" />
		<KeyWord name="maxPosition" />
		<KeyWord name="MFBool" />
		<KeyWord name="MFColor" />
		<KeyWord name="MFFloat" />
		<KeyWord name="MFImage" />
		<KeyWord name="MFInt32" />
		<KeyWord name="MFNode" />
		<KeyWord name="MFRotation" />
		<KeyWord name="MFString" />
		<KeyWord name="MFTime" />
		<KeyWord name="MFVec2f" />
		<KeyWord name="MFVec3f" />
		<KeyWord name="minAngle" />
		<KeyWord name="minBack" />
		<KeyWord name="minFront" />
		<KeyWord name="minPosition" />
		<KeyWord name="mustEvaluate" />
		<KeyWord name="NavigationInfo" />
		<KeyWord name="Normal" />
		<KeyWord name="NormalInterpolator" />
		<KeyWord name="normalIndex" />
		<KeyWord name="normalPerVertex" />
		<KeyWord name="NULL" />
		<KeyWord name="offset" />
		<KeyWord name="on" />
		<KeyWord name="orientation" />
		<KeyWord name="OrientationInterpolator" />
		<KeyWord name="parameter" />
		<KeyWord name="pitch" />
		<KeyWord name="PixelTexture" />
		<KeyWord name="PlaneSensor" />
		<KeyWord name="point" />
		<KeyWord name="PointLight" />
		<KeyWord name="PointSet" />
		<KeyWord name="position" />
		<KeyWord name="PositionInterpolator" />
		<KeyWord name="priority" />
		<KeyWord name="PROTO" />
		<KeyWord name="proxy" />
		<KeyWord name="ProximitySensor" />
		<KeyWord name="radius" />
		<KeyWord name="range" />
		<KeyWord name="removeChildren" />
		<KeyWord name="repeatS" />
		<KeyWord name="repeatT" />
		<KeyWord name="rightUrl" />
		<KeyWord name="rotation" />
		<KeyWord name="rotation_changed" />
		<KeyWord name="ROUTE" />
		<KeyWord name="ScalarInterpolator" />
		<KeyWord name="scale" />
		<KeyWord name="scaleOrientation" />
		<KeyWord name="Script" />
		<KeyWord name="set_bind" />
		<KeyWord name="set_crossSection" />
		<KeyWord name="set_fraction" />
		<KeyWord name="set_normalIndex" />
		<KeyWord name="set_texCoordIndex" />
		<KeyWord name="set_coordIndex" />
		<KeyWord name="set_colorIndex" />
		<KeyWord name="set_spine" />
		<KeyWord name="set_scale" />
		<KeyWord name="set_orientation" />
		<KeyWord name="SFBool" />
		<KeyWord name="SFColor" />
		<KeyWord name="SFFloat" />
		<KeyWord name="SFImage" />
		<KeyWord name="SFInt32" />
		<KeyWord name="SFNode" />
		<KeyWord name="SFRotation" />
		<KeyWord name="SFString" />
		<KeyWord name="SFTime" />
		<KeyWord name="SFVec2f" />
		<KeyWord name="SFVec3f" />
		<KeyWord name="Shape" />
		<KeyWord name="shininess" /> 
		<KeyWord name="side" />
		<KeyWord name="size" />
		<KeyWord name="skyAngle" />
		<KeyWord name="skyColor" />
		<KeyWord name="solid" />
		<KeyWord name="Sound" />
		<KeyWord name="spacing" />
		<KeyWord name="spatialize" />
		<KeyWord name="specularColor" />
		<KeyWord name="speed" />
		<KeyWord name="Sphere" />
		<KeyWord name="SphereSensor" />
		<KeyWord name="spine" />
		<KeyWord name="SpotLight" />
		<KeyWord name="startTime" />
		<KeyWord name="stopTime" />
		<KeyWord name="string" />
		<KeyWord name="style" />
		<KeyWord name="Switch" />
		<KeyWord name="Text" />
		<KeyWord name="TextureCoordinate" />
		<KeyWord name="TextureTransform" />
		<KeyWord name="TimeSensor" />
		<KeyWord name="TouchSensor" />
		<KeyWord name="Transform" />
		<KeyWord name="texCoord" />
		<KeyWord name="texCoordIndex" />
		<KeyWord name="texture" />
		<KeyWord name="textureTransform" />
		<KeyWord name="title" />
		<KeyWord name="top" />
		<KeyWord name="topToBottom" />
		<KeyWord name="topUrl" />
		<KeyWord name="touchTime" />
		<KeyWord name="translation" />
		<KeyWord name="translation_changed" />
		<KeyWord name="trackpoint_changed" />
		<KeyWord name="transparency" />
		<KeyWord name="TRUE" />
		<KeyWord name="type" />
		<KeyWord name="USE" />
		<KeyWord name="url" />	
		<KeyWord name="value" />
		<KeyWord name="value_changed" />
		<KeyWord name="vector" />
		<KeyWord name="Viewpoint" />
		<KeyWord name="VisibilitySensor" />
		<KeyWord name="visibilityLimit" />
		<KeyWord name="visibilityRange" />
		<KeyWord name="whichChoice" />
		<KeyWord name="WorldInfo" />
		<KeyWord name="xDimension" />
		<KeyWord name="xSpacing" />
		<KeyWord name="zDimension" />
		<KeyWord name="zSpacing" />
	</AutoComplete>
</NotepadPlus>
		