<NotepadPlus>
    <UserLang name="reStructuredTxt" ext="rst">
        <Settings>
            <Global caseIgnored="yes" escapeChar="\" />
            <TreatAsSymbol comment="no" commentLine="no" />
            <Prefix words1="yes" words2="yes" words3="no" words4="no" />
        </Settings>
        <KeywordLists>
            <Keywords name="Delimiters">[00]00</Keywords>
            <Keywords name="Folder+"></Keywords>
            <Keywords name="Folder-"></Keywords>
            <Keywords name="Operators"></Keywords>
            <Keywords name="Comment">1 2 0</Keywords>
            <Keywords name="Words1">==== ---- +== +-- | :a :b :c :d :e :f :g :h :i :j :k :l :m :n :o :p :q :r :s :t :u :v :x :y :z</Keywords>
            <Keywords name="Words2">http _ &lt;http</Keywords>
            <Keywords name="Words3">attention:: caution:: danger:: error:: hint:: important:: note:: tip:: warning:: admonition:: image:: figure:: topic:: sidebar:: line-block:: parsed-literal:: code:: math:: rubric:: epigraph:: highlights:: pull-quote:: compound:: container:: table:: csv-table:: list-table:: contents:: sectnum:: section-autonumbering:: header:: footer:: target-notes:: meta:: replace:: unicode:: date:: include:: raw:: class:: role:: default-role:: title::</Keywords>
            <Keywords name="Words4">#. - * +</Keywords>
        </KeywordLists>
        <Styles>
            <WordsStyle name="DEFAULT" styleID="11" fgColor="000000" bgColor="FFFFFF" fontName="" fontStyle="0" />
            <WordsStyle name="FOLDEROPEN" styleID="12" fgColor="000000" bgColor="FFFFFF" fontName="" fontStyle="0" />
            <WordsStyle name="FOLDERCLOSE" styleID="13" fgColor="000000" bgColor="FFFFFF" fontName="" fontStyle="0" />
            <WordsStyle name="KEYWORD1" styleID="5" fgColor="FF00FF" bgColor="FFFFFF" fontName="" fontStyle="1" fontSize="10" />
            <WordsStyle name="KEYWORD2" styleID="6" fgColor="0000FF" bgColor="FFFFFF" fontName="" fontStyle="4" />
            <WordsStyle name="KEYWORD3" styleID="7" fgColor="8000FF" bgColor="FFFFFF" fontName="" fontStyle="1" />
            <WordsStyle name="KEYWORD4" styleID="8" fgColor="FF0000" bgColor="FFFFFF" fontName="" fontStyle="3" />
            <WordsStyle name="COMMENT" styleID="1" fgColor="000000" bgColor="FFFFFF" fontName="" fontStyle="0" />
            <WordsStyle name="COMMENT LINE" styleID="2" fgColor="000000" bgColor="FFFFFF" fontName="" fontStyle="0" />
            <WordsStyle name="NUMBER" styleID="4" fgColor="FF0000" bgColor="FFFFFF" fontName="" fontStyle="3" />
            <WordsStyle name="OPERATOR" styleID="10" fgColor="000000" bgColor="FFFFFF" fontName="" fontStyle="0" />
            <WordsStyle name="DELIMINER1" styleID="14" fgColor="0000FF" bgColor="FFFFFF" fontName="" fontStyle="4" />
            <WordsStyle name="DELIMINER2" styleID="15" fgColor="000000" bgColor="FFFFFF" fontName="" fontStyle="0" />
            <WordsStyle name="DELIMINER3" styleID="16" fgColor="000000" bgColor="FFFFFF" fontName="" fontStyle="0" />
        </Styles>
    </UserLang>
</NotepadPlus>
