<NotepadPlus>
    <UserLang name="QML" ext="qml" udlVersion="2.1">
        <Settings>
            <Global caseIgnored="no" allowFoldOfComments="yes" foldCompact="no" forcePureLC="0" decimalSeparator="0" />
            <Prefix Keywords1="no" Keywords2="no" Keywords3="no" Keywords4="no" Keywords5="no" Keywords6="no" Keywords7="no" Keywords8="yes" />
        </Settings>
        <KeywordLists>
            <Keywords name="Comments">00// 01 02 03/* 04*/</Keywords>
            <Keywords name="Numbers, prefix1"></Keywords>
            <Keywords name="Numbers, prefix2"></Keywords>
            <Keywords name="Numbers, extras1"></Keywords>
            <Keywords name="Numbers, extras2"></Keywords>
            <Keywords name="Numbers, suffix1"></Keywords>
            <Keywords name="Numbers, suffix2"></Keywords>
            <Keywords name="Numbers, range"></Keywords>
            <Keywords name="Operators1">: ( ) + - * / % ++ -- = += -= *= /= %= &lt;&lt;= &gt;&gt;= &gt;&gt;&gt;= &amp;= ^= |= == != === !== &gt; &gt;= &lt; &lt;= &amp; | ^~&lt;&lt; &gt;&gt; &gt;&gt;&gt; &amp;&amp; || ! ? , . [ ] ;</Keywords>
            <Keywords name="Operators2"></Keywords>
            <Keywords name="Folders in code1, open">{</Keywords>
            <Keywords name="Folders in code1, middle"></Keywords>
            <Keywords name="Folders in code1, close">}</Keywords>
            <Keywords name="Folders in code2, open"></Keywords>
            <Keywords name="Folders in code2, middle"></Keywords>
            <Keywords name="Folders in code2, close"></Keywords>
            <Keywords name="Folders in comment, open"></Keywords>
            <Keywords name="Folders in comment, middle"></Keywords>
            <Keywords name="Folders in comment, close"></Keywords>
            <Keywords name="Keywords1">import default property on alias int bool real double string url list var enumeration color font matrix4x4 quaternion vector2d vector3d vector4d date point size rect signal abstract boolean break byte case catch char class const continue debugger default delete do double else enum export extends final finally float for function goto if implements import in instanceof int interface long native new package private protected public return short static super switch synchronized this throw throws transient try typeof var void volatile while with true false prototype</Keywords>
            <Keywords name="Keywords2">console Qt qsTr qsTranslate qsTrI QT_TR_NOOP QT_TRANSLATE_NOOP QT_TRID_NOOP gc print XMLHttpRequest DOMException</Keywords>
            <Keywords name="Keywords3">Accelerometer AccelerometerReading Accessible Action Address Affector Age Altimeter AltimeterReading AmbientLightReading AmbientLightSensor AmbientTemperatureReading AmbientTemperatureSensor AnchorAnimation AnchorChanges AngleDirection AnimatedImage AnimatedSprite Animation AnimationController Animator ApplicationWindow AttenuationModelInverse AttenuationModelLinear Attractor Audio AudioCategory AudioEngine AudioListener AudioSample Behavior Binding Blend BluetoothDiscoveryModel BluetoothService BluetoothSocket BorderImage BrightnessContrast BusyIndicator BusyIndicatorStyle Button ButtonStyle Camera CameraCapture CameraExposure CameraFlash CameraFocus CameraImageProcessing CameraRecorder Canvas CanvasGradient CanvasImageData CanvasPixelArray CheckBox CheckBoxStyle CloseEvent ColorAnimation ColorDialog Colorize ColorOverlay Column ColumnLayout ComboBox ComboBoxStyle Compass CompassReading Component ConicalGradient Connections Context2D CumulativeDirection CustomParticle Date DelegateModel DelegateModelGroup Desaturate Direction DirectionalBlur Displace DoubleValidator Drag DragEvent DropArea DropShadow DwmFeatures EllipseShape Emitter ExclusiveGroup FastBlur FileDialog Flickable Flipable Flow FocusScope FolderListModel FontDialog FontLoader Friction GammaAdjust GaussianBlur Glow Gradient GradientStop Gravity Grid GridLayout GridMesh GridView GroupBox GroupGoal Gyroscope GyroscopeReading HolsterReading HolsterSensor HueSaturation Image ImageParticle InnerShadow Instantiator IntValidator IRProximityReading IRProximitySensor Item ItemParticle JumpList JumpListCategory JumpListDestination JumpListLink JumpListSeparator KeyEvent KeyNavigation Keys Label Layout LayoutMirroring LevelAdjust LightReading LightSensor LinearGradient LineShape ListElement ListModel ListView Loader Locale Location Magnetometer MagnetometerReading MaskedBlur MaskShape MediaPlayer Menu MenuBar MenuItem MenuSeparator MessageDialog MouseArea MouseEvent MultiPointTouchArea NdefFilter NdefMimeRecord NdefRecord NdefTextRecord NdefUriRecord NearField Number NumberAnimation ObjectModel OpacityAnimator OpacityMask OrientationReading OrientationSensor Package ParallelAnimation ParentAnimation ParentChange Particle ParticleGroup ParticlePainter ParticleSystem Path PathAnimation PathArc PathAttribute PathCubic PathCurve PathElement PathInterpolator PathLine PathPercent PathQuad PathSvg PathView PauseAnimation PinchArea PinchEvent PlayVariation PointDirection Position Positioner PositionSource PressureReading PressureSensor ProgressBar ProgressBarStyle PropertyAction PropertyAnimation PropertyChanges ProximityReading ProximitySensor QtObject RadialBlur RadialGradient Radio RadioButton RadioButtonStyle RadioData Rectangle RectangleShape RectangularGlow RecursiveBlur RegExpValidator Repeater Rotation RotationAnimation RotationAnimator RotationReading RotationSensor Row RowLayout Scale ScaleAnimator Screen ScriptAction ScrollView ScrollViewStyle Sensor SensorGesture SensorGlobal SensorReading SequentialAnimation Settings ShaderEffect ShaderEffectSource Shape SignalSpy Slider SliderStyle SmoothedAnimation Sound SoundEffect SoundInstance SpinBox SpinBoxStyle SplitView SpringAnimation Sprite SpriteGoal SpriteSequence Stack StackView StackViewDelegate State StateChangeScript StateGroup StatusBar StatusBarStyle String Switch SwitchStyle SystemPalette Tab TableView TableViewColumn TableViewStyle TabView TabViewStyle TapReading TapSensor TargetDirection TaskbarButton TestCase Text TextArea TextAreaStyle TextEdit TextField TextFieldStyle TextInput TextMetrics ThresholdMask ThumbnailToolBar ThumbnailToolButton TiltReading TiltSensor Timer ToolBar ToolBarStyle ToolButton Torch TouchPoint TrailEmitter Transform Transition Translate Turbulence UniformAnimator Vector3dAnimation Video VideoOutput ViewTransition VisualDataGroup VisualDataModel VisualItemModel Wander WebLoadRequest WebView WheelEvent Window WorkerScript XAnimator XmlListModel XmlRole YAnimator ZoomBlur</Keywords>
            <Keywords name="Keywords4">QtBluetooth QtGraphicalEffects QtAudioEngine QtMultimedia QtNfc QtPositioning QtQml QtQml.Models QtQuick Qt.labs.folderlistmodel QtQuick.LocalStorage Qt.labs.settings QtQuick.Window QtQuick.XmlListModel QtQuick.Particles QtTest QtQuick.Controls QtQuick.Controls.Styles QtQuick.Dialogs QtQuick.Layouts QtSensors QtWinExtras</Keywords>
            <Keywords name="Keywords5"></Keywords>
            <Keywords name="Keywords6"></Keywords>
            <Keywords name="Keywords7"></Keywords>
            <Keywords name="Keywords8">\</Keywords>
            <Keywords name="Delimiters">00&quot; 01 02&quot; 03&apos; 04 05&apos; 06 07 08 09 10 11 12 13 14 15 16 17 18 19 20 21 22 23</Keywords>
        </KeywordLists>
        <Styles>
            <WordsStyle name="DEFAULT" fgColor="800000" bgColor="FFFFFF" fontName="" fontStyle="0" nesting="0" />
            <WordsStyle name="COMMENTS" fgColor="008000" bgColor="FFFFFF" fontName="" fontStyle="0" nesting="131072" />
            <WordsStyle name="LINE COMMENTS" fgColor="008000" bgColor="FFFFFF" fontName="" fontStyle="0" nesting="131072" />
            <WordsStyle name="NUMBERS" fgColor="FF8000" bgColor="FFFFFF" fontName="" fontStyle="0" nesting="0" />
            <WordsStyle name="KEYWORDS1" fgColor="808040" bgColor="FFFFFF" fontName="" fontStyle="0" nesting="0" />
            <WordsStyle name="KEYWORDS2" fgColor="0080FF" bgColor="FFFFFF" fontName="" fontStyle="2" nesting="0" />
            <WordsStyle name="KEYWORDS3" fgColor="800080" bgColor="FFFFFF" fontName="" fontStyle="0" nesting="0" />
            <WordsStyle name="KEYWORDS4" fgColor="808080" bgColor="FFFFFF" fontName="" fontStyle="0" nesting="0" />
            <WordsStyle name="KEYWORDS5" fgColor="000000" bgColor="FFFFFF" fontName="" fontStyle="0" nesting="0" />
            <WordsStyle name="KEYWORDS6" fgColor="000000" bgColor="FFFFFF" fontName="" fontStyle="0" nesting="0" />
            <WordsStyle name="KEYWORDS7" fgColor="000000" bgColor="FFFFFF" fontName="" fontStyle="0" nesting="0" />
            <WordsStyle name="KEYWORDS8" fgColor="00FF00" bgColor="FFFFFF" fontName="" fontStyle="0" nesting="0" />
            <WordsStyle name="OPERATORS" fgColor="000000" bgColor="FFFFFF" fontName="" fontStyle="0" nesting="0" />
            <WordsStyle name="FOLDER IN CODE1" fgColor="000000" bgColor="FFFFFF" fontName="" fontStyle="0" nesting="0" />
            <WordsStyle name="FOLDER IN CODE2" fgColor="000000" bgColor="FFFFFF" fontName="" fontStyle="0" nesting="0" />
            <WordsStyle name="FOLDER IN COMMENT" fgColor="000000" bgColor="FFFFFF" fontName="" fontStyle="0" nesting="0" />
            <WordsStyle name="DELIMITERS1" fgColor="808080" bgColor="FFFFFF" fontName="" fontStyle="2" nesting="0" />
            <WordsStyle name="DELIMITERS2" fgColor="808080" bgColor="FFFFFF" fontName="" fontStyle="2" nesting="0" />
            <WordsStyle name="DELIMITERS3" fgColor="000000" bgColor="FFFFFF" fontName="" fontStyle="0" nesting="0" />
            <WordsStyle name="DELIMITERS4" fgColor="000000" bgColor="FFFFFF" fontName="" fontStyle="0" nesting="0" />
            <WordsStyle name="DELIMITERS5" fgColor="000000" bgColor="FFFFFF" fontName="" fontStyle="0" nesting="0" />
            <WordsStyle name="DELIMITERS6" fgColor="000000" bgColor="FFFFFF" fontName="" fontStyle="0" nesting="0" />
            <WordsStyle name="DELIMITERS7" fgColor="000000" bgColor="FFFFFF" fontName="" fontStyle="0" nesting="0" />
            <WordsStyle name="DELIMITERS8" fgColor="000000" bgColor="FFFFFF" fontName="" fontStyle="0" nesting="0" />
        </Styles>
    </UserLang>
</NotepadPlus>
