<NotepadPlus>
    <UserLang name="gedcom5.5" ext="ged GED">
        <Settings>
            <Global caseIgnored="no" />
            <TreatAsSymbol comment="no" commentLine="no" />
            <Prefix words1="no" words2="no" words3="no" words4="no" />
        </Settings>
        <KeywordLists>
            <Keywords name="Delimiters">000000</Keywords>
            <Keywords name="Folder+">0 @ INDI HEAD</Keywords>
            <Keywords name="Folder-">0 TRLR 1 2 3 4</Keywords>
            <Keywords name="Operators">/ @</Keywords>
            <Keywords name="Comment">1 2 0</Keywords>
            <Keywords name="Words1">NAME SURN GIVN</Keywords>
            <Keywords name="Words2">ABBR ADDR ADR1 ADR2 ADOP AFN AGE AGNC ALIA ANCE ANCI ANUL ASSO AUTH BAPL BAPM BARM BASM BLES BLOB CALN CAST CAUS CENS CHAN CHIL CHR CHRA CITY CONF CONL COPR CORP CREM CTRY DATA DATE DESC DESI DEST DIV DIVF DSCR EDUC EMIG ENDL ENGA EVEN FAM FAMC FAMF FAMS FCOM FILE FORM GRAD IDNO IMMI LEGA MARB MARC MARL MARS NATI NATU NCHI NICK NMR NPFX NSFX OBJE OCCU ORDI ORDN PAGE PEDI PLAC PHON POST PROB PROP PUBL QUAY REPO REFN RELI RESI RESN RETI RFN RIN ROLE SLGC SLGS SOUR SPFX SSN STAE STAT SUBM SUBN TEMP TEXT TIME TITL TYPE WILL HEAD INDI HUSB WIFE</Keywords>
            <Keywords name="Words3">BIRT SEX DEAT MARR BURI</Keywords>
            <Keywords name="Words4">NOTE CONT CONC __FILE__ __LINE__ LANG _UID HEAD TRLR VERS CORP FILE CHAR GEDC</Keywords>
        </KeywordLists>
        <Styles>
            <WordsStyle name="DEFAULT" styleID="11" fgColor="000000" bgColor="FFFFFF" fontName="" fontStyle="1" fontSize="11" />
            <WordsStyle name="FOLDEROPEN" styleID="12" fgColor="0000FF" bgColor="FFFFFF" fontName="Arial Unicode MS" fontStyle="0" fontSize="8" />
            <WordsStyle name="FOLDERCLOSE" styleID="13" fgColor="00FF40" bgColor="FFFFFF" fontName="Arial Unicode MS" fontStyle="0" fontSize="10" />
            <WordsStyle name="KEYWORD1" styleID="5" fgColor="000000" bgColor="8080FF" fontName="" fontStyle="0" />
            <WordsStyle name="KEYWORD2" styleID="6" fgColor="FFFF00" bgColor="808080" fontName="" fontStyle="0" />
            <WordsStyle name="KEYWORD3" styleID="7" fgColor="808040" bgColor="FFFF00" fontName="" fontStyle="0" />
            <WordsStyle name="KEYWORD4" styleID="8" fgColor="FFFFFF" bgColor="000000" fontName="" fontStyle="0" />
            <WordsStyle name="COMMENT" styleID="1" fgColor="000000" bgColor="FFFFFF" fontName="" fontStyle="0" />
            <WordsStyle name="COMMENT LINE" styleID="2" fgColor="000000" bgColor="FFFFFF" fontName="" fontStyle="0" />
            <WordsStyle name="NUMBER" styleID="4" fgColor="000000" bgColor="FFFFFF" fontName="" fontStyle="0" />
            <WordsStyle name="OPERATOR" styleID="10" fgColor="FFFF00" bgColor="000000" fontName="" fontStyle="0" />
            <WordsStyle name="DELIMINER1" styleID="14" fgColor="000000" bgColor="FFFFFF" fontName="" fontStyle="0" />
            <WordsStyle name="DELIMINER2" styleID="15" fgColor="000000" bgColor="FFFFFF" fontName="" fontStyle="0" />
            <WordsStyle name="DELIMINER3" styleID="16" fgColor="000000" bgColor="FFFFFF" fontName="" fontStyle="0" />
        </Styles>
    </UserLang>
</NotepadPlus>
